{
  "id": "pub-crusade",
  "title": "Pub Crusade",
  "description": "Pub Crusade by Grant Howitt",
  "version": "1.0.0-alpha.1",
  "authors": [{ "name": "Neil de Carteret" }],
  "esmodules": ["pub-crusade.mjs"],
  "compatibility": {
    "minimum": "11",
    "verified": "12",
    "maximum": "12"
  },
  "documentTypes": {
    "Actor": {
      "character": {
        "htmlFields": ["notes"]
      }
    }
  },
  "packs": [
    {
      "name": "pubcrusadetables",
      "label": "Pub Crusade Tables",
      "system": "pub-crusade",
      "path": "packs/pub-crusade-tables.db",
      "type": "RollTable"
    }
  ],
  "packFolders": [
    {
      "name": "Pub Crusade",
      "sorting": "m",
      "packs": ["pubcrusadetables"],
      "color": "#8f4927"
    }
  ],
  "url": "https://github.com/n3dst4/pub-crusade-fvtt",
  "manifest": "https://github.com/n3dst4/pub-crusade-fvtt/releases/latest/download/system.json",
  "download": "https://github.com/n3dst4/pub-crusade-fvtt/releases/latest/download/pubcrusade.zip",
  "license": "MIT",
  "readme": "https://github.com/n3dst4/pub-crusade-fvtt/blob/main/README.md",
  "bugs": "https://github.com/n3dst4/pub-crusade-fvtt/issues",
  "changelog": "https://github.com/n3dst4/pub-crusade-fvtt/blob/main/CHANGELOG.md"
}
